Size,MyFindTime,MyFindIter,StdFindTime,StdFindIter,MyBinTime,MyBinIter,StdBinTime,StdBinIter
1000,2100.4,1000,600.6,1000,27.6,10,12.4,11
2000,2650.8,2000,1411.8,2000,57.4,11,14,12
3000,8281.4,3000,2482.8,3000,32,11,14.2,13
4000,8488.4,4000,2335.2,4000,42.4,12,17.8,13
5000,10725.8,5000,3588.4,5000,35,12,10.6,14
6000,5199.6,2735,1423.8,2735,32.8,12,11.6,14
7000,12054.6,7000,3789.8,7000,37.6,13,10.6,14
8000,20096.2,8000,5940.4,8000,50.8,13,16.8,14
9000,1793,973,614.4,973,58.2,14,21.6,15
10000,20835.6,10000,7451.6,10000,66.2,13,22,15
11000,18599.8,11000,6413.4,11000,38,14,11.6,15
12000,20323.8,12000,5601.2,12000,73.2,14,20,15
13000,19244.8,13000,5485.4,13000,39.2,14,11.6,15
14000,18895.6,14000,6605.4,14000,38,13,12.2,15
15000,7518,5638,2399.4,5638,36.8,13,11.6,15
16000,20578.6,16000,6746.6,16000,39.2,14,13.4,15
17000,22621.8,17000,7213.8,17000,41,14,12.4,16
18000,17625.6,13582,5914.2,13582,41.6,14,12.4,16
19000,25096.8,19000,7823.8,19000,41,15,12.4,16
20000,25943,20000,8622.2,20000,38.4,14,12.4,16
21000,27586.4,21000,8658.6,21000,40,14,12.4,16
22000,27767,22000,9993.4,22000,40.4,15,12.4,16
23000,29853.8,23000,9421,23000,40.2,14,12.4,16
24000,30969.4,24000,10071.2,24000,50.2,14,12.6,16
25000,33894,25000,10576,25000,38,14,12.4,16
26000,34373.4,26000,10933.4,26000,44,15,12.6,16
27000,34261.8,27000,11190.4,27000,42.4,15,12.4,16
28000,36715.2,28000,11716.2,28000,42.2,15,12.4,16
29000,38181.8,29000,11912.6,29000,50,15,12.6,16
30000,39224.2,30000,12547,30000,42,15,12.4,16
31000,39182.2,31000,13304.8,31000,40.8,15,12.4,16
32000,41955.2,32000,13658,32000,40.2,15,12.4,16
33000,43082.8,33000,13680.2,33000,41,16,12.6,17
34000,44839.2,34000,14965.4,34000,43,15,12.6,17
35000,49934.6,35000,15625.6,35000,42.6,15,12.6,17
36000,46597.2,36000,15517.2,36000,43.8,15,12.8,17
37000,47217.2,36810,16389,36810,31.4,12,12.6,17
38000,48976.2,38000,15630.4,38000,42,15,12.6,17
39000,50770,39000,16230.2,39000,43.4,15,12.6,17
40000,16992,13616,5619.4,13616,36,13,12.6,17
41000,52613.4,41000,17519.2,41000,42.4,16,12.6,17
42000,33452,26292,10806,26292,42.2,15,12.6,17
43000,55605.4,43000,19325.2,43000,43.2,16,69,17
44000,67057.8,44000,20353.2,44000,42,15,12.6,17
45000,58928.6,45000,20129.2,45000,41.4,15,12.6,17
46000,59048,46000,19440.2,46000,44.2,16,12.6,17
47000,60815.6,47000,20722,47000,42,15,12.6,17
48000,63204.6,48000,20830.8,48000,43,16,12.6,17
49000,66278.4,49000,20936.8,49000,44,16,12.8,17
50000,65693.4,50000,21472.8,50000,42.6,16,12.6,17
51000,69348.4,51000,21558.2,51000,45.6,16,12.6,17
52000,67513.2,52000,21802.8,52000,46.2,16,12.8,17
53000,77255.4,53000,29940.8,53000,52.2,16,13.8,17
54000,74708.4,54000,23268.8,54000,45,16,12.6,17
55000,71528.4,55000,25818.4,55000,42.8,16,12.8,17
56000,72623.4,56000,23087.6,56000,43.6,16,12.6,17
57000,72727.2,57000,23948.2,57000,42.2,15,12.6,17
58000,74153.8,58000,24362.2,58000,40.8,15,12.6,17
59000,30708.8,24526,10506.6,24526,41.2,15,12.6,17
60000,76534.6,60000,25501.2,60000,41,16,12.4,17
61000,51009.2,39785,16324.6,39785,35.2,13,12.6,17
62000,78635.6,62000,26116.8,62000,44.6,16,13.2,17
63000,87606.6,63000,27019.4,63000,43.6,16,12.6,17
64000,81920.2,64000,27676.4,64000,42.6,16,12.4,17
65000,83155.8,65000,28816.2,65000,43.8,16,12.6,17
66000,86583,66000,28085,66000,44,16,13.6,18
67000,94810.6,67000,35904,67000,44,16,14.4,18
68000,6527.2,4601,1929.4,4601,36.2,13,13.6,18
69000,88616.2,69000,28858.6,69000,55.8,16,13.6,18
70000,89825,70000,29345.8,70000,46,16,13.6,18
71000,92973.6,71000,29966.4,71000,45.2,16,13.6,18
72000,91156.8,72000,30363.4,72000,46,16,13.6,18
73000,92673.4,73000,31389.4,73000,42.4,16,13.6,18
74000,97077.4,74000,30652,74000,44.2,16,13.6,18
75000,103221,75000,32423,75000,45,17,14,18
76000,26350.2,18360,8026.4,18360,40.6,15,13.6,18
77000,105952,77000,32296,77000,46.2,17,13.6,18
78000,110468,78000,34040.2,78000,47.8,16,13.6,18
79000,102172,79000,34603.8,79000,46.8,17,19.6,18
80000,125844,80000,39186.8,80000,46,17,13.6,18
81000,134641,81000,42718,81000,73.2,17,23,18
82000,123908,82000,40420,82000,61,16,13.6,18
83000,126139,83000,43334.4,83000,75.6,16,22.4,18
84000,144500,84000,40802.8,84000,70.2,16,21.4,18
85000,125499,85000,37813.6,85000,50.8,16,13.6,18
86000,113346,86000,35541.4,86000,43,17,13.6,18
87000,114854,87000,39356.6,87000,46.6,17,13.6,18
88000,121820,88000,42546.4,88000,43.8,16,13.6,18
89000,128547,89000,40396.8,89000,45.8,16,13.6,18
90000,146449,90000,42952.2,90000,44.6,16,13.8,18
91000,133053,91000,43562.6,91000,44.8,16,13.8,18
92000,135715,92000,42707,92000,46,17,13.6,18
93000,135900,93000,40929.8,93000,58.6,17,13.8,18
94000,121689,94000,40701.6,94000,47.8,17,13.6,18
95000,127953,95000,41366.6,95000,43.8,16,13.6,18
96000,51080.6,40102,17294.8,40102,45,17,13.6,18
97000,126433,97000,40525.4,97000,46.6,17,13.6,18
98000,179901,98000,42123,98000,45.2,17,13.6,18
99000,127833,99000,42654,99000,46.8,17,13.8,18
100000,129155,100000,51976,100000,45.4,16,13.6,18
101000,143145,101000,42717,101000,47,16,13.8,18
102000,141262,102000,43074.8,102000,46.2,16,13.6,18
103000,134503,103000,43239.2,103000,46,17,13.6,18
104000,134810,104000,44432.8,104000,46,17,13.6,18
105000,140109,105000,44057.2,105000,45.2,16,13.8,18
106000,134898,106000,44913.6,106000,44.2,17,15,18
107000,144144,107000,47229.6,107000,46.6,17,13.6,18
108000,141613,108000,45399.4,108000,46.2,16,13.8,18
109000,142613,109000,46288.8,109000,43.2,17,13.6,18
110000,142670,110000,46051.2,110000,44.4,17,13.6,18
111000,143561,111000,47018,111000,44.8,17,13.6,18
112000,145503,112000,47879,112000,46,17,13.6,18
113000,145777,113000,48226.2,113000,47.6,17,13.6,18
114000,148076,114000,48135.2,114000,47.2,17,14.4,18
115000,149003,115000,50818.8,115000,45,16,13.6,18
116000,152341,116000,48941.2,116000,46.2,17,18.4,18
117000,151816,117000,49112.8,117000,43,16,13.6,18
118000,155979,118000,50252.8,118000,45,17,13.6,18
119000,169021,119000,53083.6,119000,46.2,17,13.6,18
120000,51464.8,38238,16052.4,38238,44.8,15,25.2,18
121000,158097,121000,52005,121000,46.4,17,13.6,18
122000,162921,122000,55717.8,122000,48.6,17,13.6,18
123000,164412,123000,52183,123000,52.4,17,13.6,18
124000,160264,124000,51767.2,124000,48.2,17,13.6,18
125000,156200,119915,50577.4,119915,28.4,10,13.6,18
126000,163296,126000,54610,126000,48.2,17,13.6,18
127000,162126,127000,53798,127000,46.8,17,13.6,18
128000,163164,128000,53523.2,128000,47.2,17,13.6,18
129000,163757,129000,53651.8,129000,46.2,17,13.6,18
130000,164914,130000,55726.8,130000,47.8,17,13.6,18
131000,167415,131000,55834,131000,49.2,17,13.6,18
132000,168495,132000,56265,132000,49,18,14.8,19
133000,169765,133000,55351.8,133000,48.4,17,14.6,19
134000,172435,134000,57847,134000,47,17,14.6,19
135000,180029,135000,56263.2,135000,46,17,14.6,19
136000,175870,136000,58381.2,136000,46.4,17,14.6,19
137000,177500,137000,60219.4,137000,48.4,17,14.6,19
138000,179693,138000,58735.8,138000,48.4,18,18.8,19
139000,176264,139000,58422.2,139000,47.8,17,14.6,19
140000,56317,43360,18844.4,43360,51.2,17,14.6,19
141000,180390,141000,59129.8,141000,48.2,18,14.6,19
142000,184003,142000,59177.8,142000,47,18,14.6,19
143000,183446,143000,64327.4,143000,47.8,17,24.6,19
144000,190865,144000,61562.8,144000,46.8,17,14.6,19
145000,84695.8,65478,27760.8,65478,45.2,17,14.6,19
146000,191875,146000,66523.8,146000,48.2,17,14.6,19
147000,190516,147000,61194.2,147000,50.4,17,14.6,19
148000,190218,148000,62826.4,148000,49.2,18,14.6,19
149000,192257,149000,63372.4,149000,46.2,18,14.6,19
150000,192092,150000,64980.2,150000,49,18,14.6,19
151000,193144,151000,63326.8,151000,46.8,17,14.6,19
152000,197975,152000,63726,152000,47.4,17,14.6,19
153000,195907,153000,64122.6,153000,49,18,14.6,19
154000,198640,154000,64477.6,154000,62,17,14.6,19
155000,201334,155000,69500.8,155000,48.4,17,14.6,19
156000,201568,156000,65660,156000,51,18,14.6,19
157000,202764,157000,65795.4,157000,45.4,17,18.8,19
158000,204464,158000,66178,158000,47.4,17,14.6,19
159000,203181,159000,68395.4,159000,49.4,17,14.6,19
160000,205530,160000,67240,160000,150.4,17,17,19
161000,206811,161000,67092.2,161000,46.6,17,14.6,19
162000,208652,162000,68766.8,162000,48.4,18,14.4,19
163000,209852,163000,68183.6,163000,48,17,14.4,19
164000,210781,164000,69207.8,164000,48.6,17,14.6,19
165000,203373,158239,67255.6,158239,46,17,14.6,19
166000,211661,166000,69726.8,166000,48.2,18,14.6,19
167000,214323,167000,73526.6,167000,49.2,18,14.6,19
168000,215872,168000,70515.4,168000,50.2,18,14.6,19
169000,70683.2,52108,22709.4,52108,42.2,16,14.6,19
170000,220172,170000,73642,170000,48.2,18,14.6,19
171000,226339,171000,71678,171000,46,17,14.4,19
172000,222006,172000,72483,172000,49.6,18,14.4,19
173000,187110,143878,60710.8,143878,43.8,16,14.8,19
174000,230650,174000,75819,174000,50,18,14.6,19
175000,228044,175000,74048,175000,50.6,18,14.6,19
176000,228141,176000,73900.8,176000,50.8,18,14.4,19
177000,226236,177000,74240,177000,51.2,18,14.6,19
178000,232864,178000,75636.8,178000,48,17,14.6,19
179000,229838,179000,74517,179000,46.8,17,16,19
180000,230204,180000,75278,180000,53,17,14.8,19
181000,233701,181000,75635.6,181000,50,17,14.6,19
182000,236597,182000,76440.6,182000,49,18,14.6,19
183000,242624,183000,79247.6,183000,47.4,18,14.8,19
184000,234082,184000,79294,184000,49,17,14.6,19
185000,237736,185000,84224.6,185000,50.2,18,14.6,19
186000,240187,186000,77309.6,186000,49.2,18,14.6,19
187000,238590,187000,78598.8,187000,48.2,18,14.6,19
188000,239952,188000,78678,188000,49.4,18,14.6,19
189000,241789,189000,79224.4,189000,49,18,14.4,19
190000,243128,190000,82303,190000,49,18,14.6,19
191000,248154,191000,79846.4,191000,51.2,18,14.6,19
192000,251418,192000,82478.2,192000,50.4,18,14.6,19
193000,251482,193000,82245.4,193000,48.2,18,14.6,19
194000,249417,194000,82343.8,194000,47,18,14.6,19
195000,312099,195000,82805.8,195000,46.6,17,14.6,19
196000,255191,196000,82754.8,196000,48.2,17,14.6,19
197000,260643,197000,89522,197000,48.8,18,14.6,19
198000,254821,198000,83275.6,198000,49.2,18,14.6,19
199000,255050,199000,85753.2,199000,50,18,14.6,19
200000,258500,200000,84385.4,200000,273.6,18,26,19
201000,161795,125220,53150.6,125220,42.2,15,14.6,19
202000,259990,202000,85177.4,202000,49,18,14.4,19
203000,262872,203000,85909.8,203000,47.2,17,14.6,19
204000,261815,204000,96102,204000,47.2,18,14.6,19
205000,261506,205000,86237.6,205000,46.6,17,14.6,19
206000,265179,206000,87316,206000,52.6,18,14.6,19
207000,262875,207000,87171,207000,51.4,18,14.6,19
208000,277583,208000,87101,208000,51.2,18,14.6,19
209000,267728,209000,88343.2,209000,48.6,18,14.6,19
210000,268305,210000,87324.6,210000,49.2,18,14.6,19
211000,270547,211000,89779.6,211000,51,18,14.6,19
212000,272156,212000,89295.2,212000,48.2,18,14.6,19
213000,274650,213000,90970.2,213000,50,18,14.6,19
214000,274563,214000,90001.4,214000,47,18,15,19
215000,274006,215000,90760.8,215000,48,18,16.6,19
216000,181991,140815,60217,140815,47,17,14.6,19
217000,286731,217000,92666.8,217000,48.8,18,14.6,19
218000,283467,218000,91484.8,218000,49,18,14.6,19
219000,281163,219000,92750.4,219000,47.2,17,14.6,19
220000,281322,220000,94872,220000,50.6,18,14.6,19
221000,284714,221000,93468.4,221000,48,17,14.4,19
222000,291084,222000,94843.6,222000,49.6,18,14.6,19
223000,285982,223000,99137.4,223000,49.6,18,14.6,19
224000,288529,224000,97897.8,224000,47.6,17,14.6,19
225000,288362,225000,97054.2,225000,47,18,14.6,19
226000,294449,226000,95094.4,226000,46.4,17,14.6,19
227000,295728,227000,96711.4,227000,49.2,18,14.6,19
228000,297977,228000,96890.2,228000,51.2,18,14.6,19
229000,294760,229000,98450.8,229000,49.4,18,14.6,19
230000,295981,230000,102500,230000,49,18,14.6,19
231000,301130,231000,98623.4,231000,49,18,14.6,19
232000,133197,103429,46753.8,103429,48.2,18,14.6,19
233000,299341,233000,102826,233000,49.2,18,14.6,19
234000,302825,234000,100505,234000,50,18,14.6,19
235000,303945,235000,101081,235000,49.6,18,14.4,19
236000,306432,236000,103612,236000,48.2,17,14.6,19
237000,305023,237000,100625,237000,48,18,16.6,19
238000,303460,238000,101690,238000,47,18,14.6,19
239000,308330,239000,99838.2,239000,51.4,18,14.6,19
240000,307674,240000,102024,240000,52.2,18,14.6,19
241000,314940,241000,103814,241000,50,18,14.6,19
242000,6390.2,5103,2077.8,5103,43.8,16,14.6,19
243000,314247,243000,101211,243000,46.2,17,14.6,19
244000,318858,244000,102736,244000,50,18,14.6,19
245000,316519,245000,103982,245000,50,18,14.4,19
246000,315960,246000,102919,246000,49,18,14.6,19
247000,322868,247000,103287,247000,49,18,14.6,19
248000,317412,248000,105421,248000,56.8,18,14.6,19
249000,326103,249000,109332,249000,48,17,14.6,19
250000,340922,250000,109588,250000,70,18,14.6,19
251000,323797,251000,108603,251000,49,18,14.6,19
252000,325330,252000,125675,252000,51.4,18,14.6,19
253000,328519,253000,106518,253000,56.8,18,14.6,19
254000,328883,254000,108072,254000,48,18,14.4,19
255000,327327,255000,107450,255000,49.2,18,14.6,19
256000,329421,256000,114612,256000,48.2,18,14.6,19
257000,330368,257000,107858,257000,52,18,14.6,19
258000,335305,258000,108811,258000,49.2,18,14.6,19
259000,330679,259000,117360,259000,50.4,18,14.6,19
260000,57993.6,39366,17911.8,39366,46,17,14.6,19
261000,355644,261000,111210,261000,49.2,18,16.6,19
262000,352642,262000,110490,262000,53.2,18,36.6,19
263000,343017,263000,112943,263000,48,18,14.6,20
264000,442917,264000,120930,264000,47.6,19,15,20
265000,360460,265000,118874,265000,49,18,14.6,20
266000,379396,266000,113714,266000,83.2,19,21.4,20
267000,355551,267000,114385,267000,56,18,14.8,20
268000,344860,268000,115459,268000,47.4,18,14.6,20
269000,347186,269000,114906,269000,50.2,18,14.8,20
270000,345140,270000,114110,270000,49.4,18,15,20
271000,353382,271000,115466,271000,49.2,18,14.6,20
272000,353684,272000,115113,272000,47.4,18,14.6,20
273000,349918,273000,115277,273000,49.2,18,14.6,20
274000,357930,274000,116837,274000,49,18,14.6,20
275000,269002,206110,88104.6,206110,50.2,18,15,20
276000,408351,276000,125456,276000,51.4,18,14.6,20
277000,359165,277000,115873,277000,50.2,18,14.8,20
278000,358237,278000,118199,278000,51.8,18,14.8,20
279000,365062,279000,123865,279000,51.2,18,14.6,20
280000,375144,280000,118994,280000,49.2,18,14.8,20
281000,361400,281000,118097,281000,49.2,18,14.6,20
282000,365344,282000,118550,282000,53,18,15.6,20
283000,366302,283000,120220,283000,50.4,18,14.8,20
284000,372854,284000,119804,284000,49,18,14.6,20
285000,373251,285000,120757,285000,51.6,18,14.6,20
286000,25623,20502,8915.2,20502,47.2,17,14.6,20
287000,372746,287000,120821,287000,50.8,18,14.6,20
288000,426413,288000,120656,288000,51.2,18,14.6,20
289000,376026,289000,122419,289000,49,18,14.6,20
290000,379671,290000,123846,290000,49.2,18,14.6,20
291000,378012,291000,123667,291000,58,18,14.8,20
292000,376931,292000,126400,292000,51.2,18,14.8,20
293000,379819,293000,125755,293000,51.2,18,14.6,20
294000,383255,294000,126274,294000,49.2,18,15.2,20
295000,380435,295000,123389,295000,48.2,18,14.8,20
296000,166381,130781,55093.6,130781,41.6,16,14.8,20
297000,380768,297000,126094,297000,50.8,18,14.6,20
298000,391398,298000,124978,298000,48.2,18,14.6,20
299000,25372.8,19724,8079,19724,49,18,15.8,20
300000,387823,300000,126900,300000,48.2,18,14.6,20
301000,138474,106141,44709.4,106141,49,19,14.6,20
302000,388304,302000,128079,302000,50.6,18,14.6,20
303000,388723,303000,125769,303000,51.2,19,14.6,20
304000,391061,304000,128888,304000,52.2,19,14.8,20
305000,402409,305000,128541,305000,48.2,18,14.6,20
306000,395308,306000,134093,306000,52.2,19,14.6,20
307000,409538,307000,129573,307000,48.6,18,14.6,20
308000,100407,75397,32313.2,75397,47.2,18,14.6,20
309000,402883,309000,132702,309000,48.8,18,14.6,20
310000,413143,310000,131152,310000,52.2,19,15,20
311000,402376,311000,138482,311000,90.2,18,16,20
312000,403497,312000,131543,312000,52.4,19,14.6,20
313000,401274,313000,130371,313000,52.4,18,14.6,20
314000,406484,314000,135483,314000,48.6,18,14.6,20
315000,407729,315000,131753,315000,49,19,15,20
316000,408259,316000,137406,316000,49.2,18,14.8,20
317000,412717,317000,133966,317000,50.8,18,14.8,20
318000,384284,301464,126305,301464,50,18,14.6,20
319000,407618,319000,133251,319000,49,18,14.6,20
320000,434312,320000,133843,320000,49.2,18,14.8,20
321000,409938,321000,136803,321000,48.2,18,14.8,20
322000,417838,322000,142439,322000,48.2,18,14.6,20
323000,416963,323000,133979,323000,51.6,19,15.2,20
324000,418061,324000,139745,324000,49.4,18,14.6,20
325000,422371,325000,194363,325000,54.2,19,14.6,20
326000,426867,326000,139003,326000,56.8,19,14.8,20
327000,429246,327000,140133,327000,55.8,19,14.6,20
328000,424605,328000,138666,328000,50.2,18,14.6,20
329000,422500,329000,145104,329000,59.2,18,15.2,20
330000,215391,167441,71709,167441,48.8,18,14.6,20
331000,428325,331000,140463,331000,49.2,18,14.8,20
332000,436786,332000,138744,332000,58,19,14.6,20
333000,427553,333000,140857,333000,49.2,18,14.6,20
334000,430876,334000,141498,334000,50,18,15,20
335000,433736,335000,140825,335000,50,18,14.6,20
336000,435621,336000,143731,336000,49,19,14.6,20
337000,433915,337000,141094,337000,50,18,14.8,20
338000,201769,159624,73542,159624,44.2,17,14.6,20
339000,445015,339000,144680,339000,48.2,18,14.8,20
340000,437364,340000,144584,340000,58.4,19,14.8,20
341000,438438,341000,143108,341000,52.4,19,14.6,20
342000,446052,342000,145034,342000,50.2,18,15.2,20
343000,443635,343000,143434,343000,49.2,18,14.6,20
344000,443237,344000,145616,344000,51.8,18,14.8,20
345000,444688,345000,144592,345000,50.6,18,14.8,20
346000,447797,346000,145313,346000,50.2,18,14.6,20
347000,444381,347000,145224,347000,66,18,14.8,20
348000,449949,348000,154738,348000,64.8,18,16.8,20
349000,450358,349000,147699,349000,53.8,19,15.4,20
350000,450750,350000,147420,350000,51.2,18,14.6,20
351000,462217,351000,150663,351000,49.2,19,14.6,20
352000,452388,352000,147615,352000,51.2,19,14.8,20
353000,451144,353000,147877,353000,50.2,19,14.6,20
354000,452331,354000,148678,354000,49.6,18,14.8,20
355000,452923,355000,149706,355000,46.2,18,14.8,20
356000,456737,356000,154820,356000,52.2,19,14.8,20
357000,464669,357000,149577,357000,48.2,18,14.6,20
358000,464094,358000,153696,358000,48.2,18,14.6,20
359000,491118,359000,176744,359000,50,18,14.6,20
360000,466529,360000,154192,360000,51.6,19,14.6,20
361000,269136,207624,89870.6,207624,49.4,18,14.8,20
362000,466337,362000,153938,362000,51,19,15,20
363000,508747,363000,166635,363000,50.8,19,14.6,20
364000,463329,364000,152342,364000,52.2,18,14.8,20
365000,488751,365000,154238,365000,52.4,18,14.8,20
366000,472156,366000,158962,366000,50.2,18,14.8,20
367000,474314,367000,154846,367000,50.4,19,14.6,20
368000,473492,368000,154525,368000,50.2,19,14.6,20
369000,472977,369000,154816,369000,65.2,19,15.2,20
370000,482831,370000,158537,370000,52.2,19,14.8,20
371000,479999,371000,159383,371000,53.2,19,14.6,20
372000,474722,372000,155084,372000,56.4,18,14.6,20
373000,483707,373000,171039,373000,54.6,18,14.8,20
374000,521884,374000,162149,374000,50.2,18,14.6,20
375000,584521,375000,159489,375000,49.6,18,14.6,20
376000,491841,376000,161364,376000,55.8,18,14.8,20
377000,527821,377000,165530,377000,74.8,19,15.6,20
378000,501025,378000,160826,378000,49.6,18,14.6,20
379000,499561,379000,160375,379000,52,19,14.6,20
380000,490938,380000,161207,380000,53,19,14.6,20
381000,492136,381000,160622,381000,52.6,19,14.8,20
382000,491530,382000,162901,382000,53.2,19,14.6,20
383000,496216,383000,163831,383000,55,19,14.6,20
384000,494188,384000,162893,384000,53.4,19,14.8,20
385000,51871.2,39877,16365.2,39877,48.6,18,14.8,20
386000,499080,386000,163064,386000,52,19,14.8,20
387000,413219,320478,134473,320478,51.8,19,14.6,20
388000,501886,388000,164957,388000,53,19,14.8,20
389000,501245,389000,165584,389000,49.4,19,14.6,20
390000,502962,390000,165683,390000,49.6,18,14.8,20
391000,500896,391000,225126,391000,50.6,19,15,20
392000,504515,392000,167939,392000,51.2,19,14.8,20
393000,503516,393000,167815,393000,52,19,14.8,20
394000,508440,394000,165507,394000,50,18,14.8,20
395000,506063,395000,165890,395000,54.8,19,14.8,20
396000,510451,396000,166112,396000,49.4,18,14.6,20
397000,511564,397000,166677,397000,51.2,19,14.6,20
398000,529956,398000,167988,398000,50.4,18,14.8,20
399000,514092,399000,166445,399000,52.2,19,16,20
400000,516179,400000,168018,400000,50.4,19,14.6,20
401000,530237,401000,175860,401000,51.2,18,14.8,20
402000,528042,402000,167849,402000,51.8,19,14.6,20
403000,529818,401059,168428,401059,49.2,18,14.6,20
404000,519634,404000,168754,404000,49.6,19,15,20
405000,528473,405000,175202,405000,49.2,18,14.8,20
406000,546023,406000,174921,406000,50.4,19,14.6,20
407000,596299,407000,183518,407000,58.4,19,14.6,20
408000,609195,408000,194344,408000,72.4,19,14.8,20
409000,543663,409000,177589,409000,51.4,19,15.2,20
410000,600873,410000,174739,410000,50.2,19,14.8,20
411000,535515,411000,173734,411000,50.6,18,14.8,20
412000,555095,412000,177024,412000,48.6,18,14.8,20
413000,389629,278560,117421,278560,52,19,14.6,20
414000,538810,414000,179437,414000,52.2,19,17,20
415000,571714,415000,182675,415000,50,18,14.6,20
416000,554388,416000,173358,416000,65.8,19,14.8,20
417000,546503,417000,176176,417000,52.2,19,14.6,20
418000,37777.4,28714,12057.2,28714,48.8,18,14.6,20
419000,536330,419000,177503,419000,53.6,19,14.8,20
420000,549559,420000,179009,420000,52.2,19,14.8,20
421000,548335,421000,231975,421000,51.2,19,14.8,20
422000,553128,422000,180388,422000,52.2,19,14.6,20
423000,546982,423000,182036,423000,52,19,14.6,20
424000,456330,348969,149631,348969,49.2,19,14.6,20
425000,569858,425000,184425,425000,52.2,19,15,20
426000,545541,426000,182342,426000,52,19,15.2,20
427000,576982,427000,190002,427000,81.6,18,14.8,20
428000,549911,428000,186094,428000,89.8,18,22,20
429000,554358,429000,182883,429000,53.4,19,14.6,20
430000,557550,430000,180733,430000,49.2,19,14.6,20
431000,560581,431000,181563,431000,52,19,14.8,20
432000,564648,432000,190072,432000,50.2,19,14.8,20
433000,579012,433000,195954,433000,49.2,19,14.6,20
434000,620070,434000,184482,434000,48.2,18,14.8,20
435000,554594,435000,184579,435000,54.8,19,14.8,20
436000,560312,436000,185731,436000,48.2,18,14.6,20
437000,579065,437000,189702,437000,53.8,19,17.2,20
438000,578703,438000,190038,438000,54.6,19,14.6,20
439000,600999,439000,194530,439000,51.2,19,14.6,20
440000,634917,440000,197398,440000,58.4,19,14.8,20
441000,341507,249268,107368,249268,50.2,19,14.6,20
442000,641464,442000,227691,442000,52.2,19,15,20
443000,584167,443000,193831,443000,54.2,18,14.8,20
444000,622631,444000,185310,444000,71.8,19,25.2,20
445000,575514,445000,190750,445000,53.4,19,14.8,20
446000,361761,275476,114902,275476,52.6,19,14.8,20
447000,186629,145268,64056.2,145268,50.8,18,15.2,20
448000,625358,448000,188554,448000,51.2,18,14.8,20
449000,582173,449000,191676,449000,50.2,19,14.6,20
450000,651357,450000,191991,450000,52.2,19,14.6,20
451000,633938,451000,196722,451000,51.2,19,14.6,20
452000,592558,452000,193402,452000,53,19,14.6,20
453000,601280,453000,190924,453000,53.4,19,14.8,20
454000,599859,454000,192216,454000,52,19,28.4,20
455000,496317,382824,162607,382824,51.8,19,14.8,20
456000,604530,456000,194912,456000,61.2,19,14.6,20
457000,610088,457000,198639,457000,52,19,14.8,20
458000,590349,458000,201172,458000,51.6,19,14.8,20
459000,595749,459000,194504,459000,50.6,19,14.8,20
460000,600000,460000,203591,460000,51.6,18,14.6,20
461000,597703,461000,196536,461000,51.4,18,28.8,20
462000,593876,462000,193192,462000,51.6,19,15.6,20
463000,611581,463000,195559,463000,52.2,19,14.8,20
464000,480787,370415,153868,370415,46.2,18,14.6,20
465000,294199,230621,97782.2,230621,54.8,19,14.6,20
466000,627832,466000,204238,466000,52.2,19,14.8,20
467000,622132,467000,200963,467000,50.8,18,14.8,20
468000,608006,468000,197230,468000,53.2,19,14.8,20
469000,609421,469000,198194,469000,53.4,19,14.6,20
470000,605841,470000,200701,470000,51.2,19,14.6,20
471000,437481,340558,143392,340558,49.2,18,14.8,20
472000,612800,472000,208130,472000,50.8,19,14.6,20
473000,620466,473000,199414,473000,47.4,19,15,20
474000,617358,474000,199965,474000,53,19,14.6,20
475000,751638,475000,229155,475000,52,19,14.8,20
476000,666786,476000,211648,476000,54.8,19,14.8,20
477000,642529,477000,234905,477000,87.4,19,21.4,20
478000,622796,478000,202533,478000,53.8,19,14.8,20
479000,628768,479000,206626,479000,53.4,19,14.8,20
480000,679730,480000,206158,480000,53.2,19,14.6,20
481000,655988,481000,208858,481000,50,19,16.6,20
482000,707647,482000,218320,482000,99,19,14.8,20
483000,693595,483000,201992,483000,51,18,14.8,20
484000,671163,484000,202865,484000,54.2,19,14.8,20
485000,619656,485000,209290,485000,52.2,19,14.8,20
486000,626631,486000,206130,486000,53.6,19,14.8,20
487000,641686,487000,233822,487000,58.8,19,14.6,20
488000,640683,488000,206330,488000,56.2,19,14.6,20
489000,634720,489000,281334,489000,48.8,18,14.6,20
490000,632986,490000,207799,490000,50.4,19,14.8,20
491000,631810,491000,205816,491000,56.2,19,14.8,20
492000,670531,492000,218858,492000,51.4,19,15.2,20
493000,671372,493000,222320,493000,52.2,19,14.8,20
494000,640206,494000,207550,494000,51.2,19,14.6,20
495000,640323,495000,211869,495000,52.2,19,14.8,20
496000,642636,496000,210298,496000,51.4,19,14.8,20
497000,638448,497000,208607,497000,51.2,19,14.6,20
498000,412788,315600,132440,315600,45.2,17,15.6,20
499000,660138,499000,216903,499000,50.4,19,14.6,20
500000,650049,500000,214451,500000,52,19,14.8,20
501000,654451,501000,215207,501000,52.2,19,14.6,20
502000,659844,502000,212439,502000,55.6,19,14.8,20
503000,667937,503000,220125,503000,53.2,19,14.6,20
504000,663329,504000,221903,504000,52,19,14.8,20
505000,660835,505000,212709,505000,50.2,18,14.6,20
506000,656092,506000,220879,506000,77.4,19,21,20
507000,656063,507000,213203,507000,49.4,19,14.8,20
508000,655145,508000,214158,508000,50.2,19,14.6,20
509000,656410,509000,217732,509000,54.2,19,14.6,20
510000,665848,510000,217015,510000,49.2,18,14.6,20
511000,662178,511000,216945,511000,51.4,19,14.8,20
512000,666165,512000,216415,512000,56.8,19,14.8,20
513000,669781,513000,220201,513000,53.8,19,14.6,20
514000,619934,473943,203451,473943,51.8,19,14.6,20
515000,768479,515000,281227,515000,59.6,19,15.4,20
516000,611026,406671,187347,406671,63.2,18,15,20
517000,839684,517000,226123,517000,56.2,19,14.8,20
518000,750017,518000,230717,518000,53.6,19,14.6,20
519000,680169,519000,221962,519000,52.2,19,14.8,20
520000,767801,520000,238405,520000,53,19,14.8,20
521000,685399,521000,222629,521000,49.2,19,15,20
522000,679565,522000,225803,522000,49.6,19,14.8,20
523000,719021,523000,230421,523000,53.2,19,14.8,20
524000,683655,524000,231007,524000,52.2,19,14.8,20
525000,696499,525000,225955,525000,52.4,19,15.6,21
526000,690007,526000,224916,526000,53.2,19,15.8,21
527000,681857,527000,225186,527000,61.8,19,15.6,21
528000,690562,528000,229815,528000,54.4,19,15.6,21
529000,695486,529000,223192,529000,49.2,19,15.6,21
530000,697278,530000,230529,530000,54.2,19,15.6,21
531000,685927,531000,228421,531000,49.2,19,15.8,21
532000,685943,532000,223866,532000,52.2,19,15.8,21
533000,698736,533000,231165,533000,51.2,19,15.6,21
534000,704691,534000,231502,534000,49.2,19,15.8,21
535000,706869,535000,225246,535000,50.2,19,15.6,21
536000,693693,536000,226006,536000,51.2,19,15.8,21
537000,694079,537000,227124,537000,49,19,15.8,21
538000,692779,538000,226161,538000,52.4,19,15.8,21
539000,696729,539000,230597,539000,52,19,15.6,21
540000,694198,540000,228198,540000,52.2,19,15.8,21
541000,697018,541000,228330,541000,50.2,19,15.6,21
542000,696871,542000,228754,542000,52.2,19,15.8,21
543000,704737,543000,230816,543000,51.2,19,15.6,21
544000,707562,544000,241436,544000,51.4,19,15.8,21
545000,702021,545000,234085,545000,51.2,19,15.8,21
546000,703804,546000,234160,546000,53.8,19,15.6,21
547000,708807,547000,228325,547000,53.2,19,15.8,21
548000,704373,548000,232981,548000,56,19,15.8,21
549000,808005,549000,232844,549000,54.2,19,17.6,21
550000,716993,550000,232852,550000,51.6,19,15.8,21
551000,713290,551000,243446,551000,54.2,19,15.6,21
552000,720693,552000,238041,552000,135,19,15.6,21
553000,155956,120711,54251.4,120711,51.8,18,15.8,21
554000,724617,554000,237556,554000,55.2,20,23.2,21
555000,720697,555000,237589,555000,54.2,19,15.8,21
556000,723641,556000,234442,556000,53.2,19,15.8,21
557000,148708,113251,48275.2,113251,50.2,19,18.2,21
558000,716081,558000,241415,558000,53.2,19,16,21
559000,724333,559000,242568,559000,78,20,22,21
560000,734164,560000,240025,560000,53.2,19,15.8,21
561000,741024,561000,242396,561000,55.2,19,15.6,21
562000,725499,562000,240978,562000,53.4,20,15.6,21
563000,746755,563000,245739,563000,49.2,19,15.8,21
564000,744319,564000,243269,564000,54.8,20,15.6,21
565000,734530,565000,244278,565000,54.4,20,15.8,21
566000,756810,566000,245246,566000,58.4,19,15.6,21
567000,745806,567000,243556,567000,55.4,20,15.8,21
568000,739771,568000,237639,568000,53.4,19,15.8,21
569000,732832,569000,239782,569000,54.6,19,18.8,21
570000,120379,92477,39241.8,92477,65.2,19,15.6,21
571000,741856,571000,242607,571000,54.6,19,15.6,21
572000,747483,572000,240714,572000,54,19,15.6,21
573000,838095,573000,251768,573000,52.2,20,15.6,21
574000,845197,574000,258959,574000,53.2,19,15.6,21
575000,808615,575000,246851,575000,89.4,19,26.4,21
576000,765155,576000,250806,576000,97,20,27.8,21
577000,812206,577000,246667,577000,55.6,19,15.8,21
578000,815201,578000,247718,578000,54,20,15.6,21
579000,750712,579000,248345,579000,53.2,19,15.6,21
580000,483645,375651,159534,375651,50.4,14,20,21
581000,759239,581000,246602,581000,53.2,20,15.6,21
582000,751587,582000,246308,582000,90.2,19,23.6,21
583000,751216,583000,246662,583000,51.2,19,15.6,21
584000,754500,584000,247183,584000,51.4,19,15.6,21
585000,753931,585000,248773,585000,54.4,19,15.8,21
586000,780221,586000,244048,586000,50.2,19,16,21
587000,754190,587000,247981,587000,52.8,19,16,21
588000,771162,588000,247138,588000,53.2,20,15.6,21
589000,758109,589000,246738,589000,53.2,19,15.6,21
590000,752920,590000,253661,590000,52.6,19,15.8,21
591000,756110,591000,247010,591000,56,20,16,21
592000,759619,592000,249690,592000,53.2,19,15.6,21
593000,760450,593000,248039,593000,51.6,19,15.8,21
594000,759113,594000,248894,594000,52,19,15.6,21
595000,757567,595000,249533,595000,51.6,19,15.6,21
596000,762686,596000,255122,596000,51.4,19,15.6,21
597000,764503,597000,251565,597000,54.2,20,15.6,21
598000,764729,598000,251092,598000,54.8,20,15.6,21
599000,826193,599000,251775,599000,53,19,15.6,21
600000,763239,600000,253456,600000,51.2,19,15.6,21
601000,773661,601000,252944,601000,53.2,19,15.8,21
602000,780274,602000,257956,602000,54,20,15.6,21
603000,787538,603000,252446,603000,53.2,19,15.8,21
604000,552176,421975,176619,421975,48.2,18,15.8,21
605000,772915,605000,255432,605000,55,20,15.6,21
606000,779513,606000,255488,606000,49.6,19,15.6,21
607000,844606,607000,255998,607000,56.8,20,15.6,21
608000,863024,608000,301268,608000,51,19,15.6,21
609000,781108,609000,255419,609000,55,19,15.8,21
610000,798644,610000,290937,610000,81.2,19,24.6,21
611000,783140,611000,256804,611000,50.2,19,15.6,21
612000,785770,612000,254669,612000,56,20,15.6,21
613000,781735,613000,256383,613000,52.4,20,15.6,21
614000,206206,161344,67230.2,161344,45.2,17,17.2,21
615000,253393,195935,82941.2,195935,51.2,20,15.6,21
616000,796769,616000,259014,616000,53.2,19,15.6,21
617000,788511,617000,269999,617000,53.2,19,15.6,21
618000,216783,164899,105934,164899,58.6,19,21.6,21
619000,880700,619000,309783,619000,52,20,16.6,21
620000,888720,620000,286638,620000,55.2,20,15.8,21
621000,838164,621000,291067,621000,50.4,19,15.6,21
622000,823699,622000,293977,622000,53,19,15.6,21
623000,805278,623000,267389,623000,53.2,19,15.8,21
624000,806096,624000,265610,624000,56.4,20,17.8,21
625000,10440.8,8120,4050.8,8120,56.8,19,15.6,21
626000,825043,626000,264854,626000,53,19,15.6,21
627000,828132,627000,297431,627000,49.6,19,15.6,21
628000,814493,628000,271299,628000,55,20,15.8,21
629000,815472,629000,287508,629000,54.2,20,15.8,21
630000,851409,630000,265021,630000,64.8,19,23,21
631000,806940,631000,274623,631000,52,19,15.6,21
632000,813864,632000,270056,632000,56,19,15.6,21
633000,811631,633000,264939,633000,52,19,15.6,21
634000,822971,634000,265450,634000,54.2,20,15.6,21
635000,482522,371042,156192,371042,31.2,12,15.6,21
636000,816131,636000,268898,636000,55,20,16,21
637000,818212,637000,268396,637000,51.8,19,16.2,21
638000,817627,638000,266454,638000,54.4,20,15.8,21
639000,818998,639000,268081,639000,52.4,20,15.6,21
640000,407636,315850,133730,315850,46.6,17,15.6,21
641000,819866,641000,269080,641000,57.2,19,17,21
642000,681297,532265,223539,532265,45.6,17,15.8,21
643000,824494,643000,269668,643000,54,20,15.6,21
644000,822742,644000,268645,644000,55.2,19,15.8,21
645000,824996,645000,268220,645000,52,19,15.6,21
646000,828722,646000,271782,646000,53.2,19,15.8,21
647000,820888,647000,269850,647000,53,19,15.6,21
648000,833482,648000,271070,648000,52.8,20,15.6,21
649000,827305,649000,271309,649000,49.2,19,15.8,21
650000,828596,650000,273707,650000,53.2,19,15.6,21
651000,831528,651000,272665,651000,54.2,20,16.4,21
652000,832010,652000,271482,652000,51.2,19,15.6,21
653000,831006,653000,274230,653000,51.6,19,15.6,21
654000,353424,276003,114960,276003,48.2,19,16.2,21
655000,839091,655000,273492,655000,54.6,20,15.6,21
656000,838233,656000,275432,656000,72.4,20,23,21
657000,846247,657000,277380,657000,52.2,20,15.6,21
658000,842647,658000,290134,658000,55.6,19,15.8,21
659000,883846,659000,278644,659000,52,19,15.6,21
660000,868411,660000,275371,660000,54.2,20,15.8,21
661000,881158,661000,280297,661000,52.6,19,15.6,21
662000,849011,662000,281348,662000,52.2,20,17.8,21
663000,875445,663000,284929,663000,53.2,19,15.6,21
664000,863790,664000,287006,664000,50.2,19,15.6,21
665000,860935,665000,289470,665000,53.8,19,15.6,21
666000,871993,666000,282771,666000,51.2,20,18.2,21
667000,871034,667000,283130,667000,50.4,19,15.8,21
668000,862493,668000,283594,668000,56,19,15.6,21
669000,871156,669000,284194,669000,66.4,19,18,21
670000,869829,670000,285517,670000,53.2,19,15.6,21
671000,873225,671000,282844,671000,51.2,20,15.8,21
672000,883417,672000,295086,672000,53.4,19,15.6,21
673000,888268,673000,287696,673000,54.4,20,15.6,21
674000,911603,674000,282742,674000,57.6,20,15.8,21
675000,863314,675000,283738,675000,52,20,15.6,21
676000,867062,676000,281679,676000,53.2,19,15.6,21
677000,870744,677000,285733,677000,52.2,19,15.6,21
678000,865272,678000,284823,678000,55.2,20,15.6,21
679000,870129,679000,284694,679000,53.8,19,15.8,21
680000,486474,381460,159129,381460,50.6,18,16,21
681000,872668,681000,283936,681000,54.6,19,15.6,21
682000,878853,682000,284565,682000,53.2,19,15.8,21
683000,878494,683000,288784,683000,54.2,20,15.8,21
684000,869694,684000,287144,684000,53.4,19,16,21
685000,881046,685000,286545,685000,53.6,19,15.8,21
686000,876818,686000,286418,686000,54.6,19,15.6,21
687000,876987,687000,290310,687000,54.2,20,15.6,21
688000,882802,688000,303644,688000,54,19,15.6,21
689000,908790,689000,296767,689000,54.2,20,15.6,21
690000,923585,690000,297251,690000,85.6,20,108.6,21
691000,922416,691000,300362,691000,52,19,15.6,21
692000,123876,96892,40642.4,96892,47.2,18,16,21
693000,898523,693000,295996,693000,50.2,19,15.6,21
694000,898070,694000,300410,694000,57.6,19,15.6,21
695000,96170.2,73980,32213.2,73980,51.6,19,15.6,21
696000,890415,696000,301761,696000,50.8,20,15.8,21
697000,921086,697000,298739,697000,53.2,19,15.6,21
698000,927954,698000,302758,698000,53.2,19,15.6,21
699000,919009,699000,320322,699000,55.2,20,15.8,21
700000,904829,700000,294542,700000,52.4,19,16,21
701000,911799,696539,298907,696539,54.4,20,15.6,21
702000,901540,702000,295299,702000,53.4,19,15.6,21
703000,914624,703000,308751,703000,98,19,27,21
704000,920645,704000,299065,704000,51.8,19,18.8,21
705000,920554,705000,306131,705000,56,20,15.6,21
706000,913976,706000,302902,706000,54,20,15.6,21
707000,917777,707000,304580,707000,51.2,20,17.8,21
708000,929707,708000,311604,708000,54.6,20,17.6,21
709000,919028,709000,304360,709000,52.2,20,15.6,21
710000,929440,710000,303183,710000,51.6,19,15.6,21
711000,918018,711000,303142,711000,53.6,20,25,21
712000,936094,712000,308426,712000,51.8,19,15.8,21
713000,930873,713000,310197,713000,52.4,20,15.6,21
714000,937651,714000,302133,714000,80.6,19,20.2,21
715000,948294,715000,305440,715000,56.2,19,15.6,21
716000,943872,716000,311779,716000,50.2,19,15.6,21
717000,931300,717000,313661,717000,53.2,20,15.6,21
718000,945284,718000,305497,718000,55.2,20,15.8,21
719000,934886,719000,311537,719000,55,19,16.4,21
720000,923526,720000,303501,720000,55.4,20,15.6,21
721000,919937,721000,303400,721000,53.6,19,15.6,21
722000,923344,722000,300853,722000,53.4,20,15.6,21
723000,388836,305703,127827,305703,47,18,17.4,21
724000,924874,724000,301647,724000,53.2,20,15.6,21
725000,925510,725000,303581,725000,55.8,19,15.6,21
726000,927245,726000,305036,726000,51.2,19,15.6,21
727000,929212,727000,307409,727000,53.4,19,15.6,21
728000,933715,728000,307436,728000,54,20,16.2,21
729000,157412,115150,48261.6,115150,43.4,16,16.2,21
730000,935235,730000,303261,730000,56.2,20,15.8,21
731000,193538,151220,63041,151220,47.2,18,15.6,21
732000,935311,732000,304864,732000,52,19,17.8,21
733000,933380,733000,305276,733000,54.2,19,15.8,21
734000,935052,734000,307975,734000,56,20,15.6,21
735000,1.00E+06,735000,311279,735000,57.6,19,15.6,21
736000,941690,736000,308980,736000,52.2,20,16,21
737000,948714,737000,309493,737000,52.2,19,15.6,21
738000,715543,560281,236733,560281,89.4,18,15.8,21
739000,944499,739000,310877,739000,55.2,20,16,21
740000,946956,740000,310338,740000,55.2,19,15.8,21
741000,952445,741000,313321,741000,52.2,20,15.6,21
742000,954361,742000,311114,742000,52.2,20,15.6,21
743000,951877,743000,311332,743000,54.2,20,15.8,21
744000,951525,744000,314595,744000,49.2,19,18.4,21
745000,951496,745000,314290,745000,53.4,20,15.6,21
746000,952638,746000,312400,746000,53.2,20,15.4,21
747000,957347,747000,312873,747000,56.2,20,15.6,21
748000,955589,748000,313781,748000,55.8,20,15.6,21
749000,960142,749000,317209,749000,52,20,15.6,21
750000,958526,750000,315351,750000,54.4,20,15.6,21
751000,665645,521880,226257,521880,49.4,18,15.6,21
752000,957493,752000,317073,752000,50.2,19,15.4,21
753000,967890,753000,317318,753000,54.2,20,15.8,21
754000,962347,754000,316515,754000,50.2,19,15.6,21
755000,966234,755000,318696,755000,54.4,20,15.6,21
756000,195197,150775,64599.8,150775,50.2,19,15.6,21
757000,972847,757000,320707,757000,54.2,19,15.6,21
758000,212124,164238,69111,164238,52,20,15.6,21
759000,977242,759000,320939,759000,55.2,20,15.8,21
760000,969503,760000,316383,760000,54,20,15.6,21
761000,975368,761000,318975,761000,75.2,20,25.2,21
762000,548922,429566,179501,429566,51,18,15.8,21
763000,999411,763000,381713,763000,55.6,20,15.8,21
764000,64046.6,38104,17864.4,38104,52.2,19,15.6,21
765000,1.06E+06,765000,328792,765000,93.4,19,23.4,21
766000,1.03E+06,766000,350323,766000,54,20,15.6,21
767000,1.11E+06,767000,330936,767000,53.2,19,15.6,21
768000,1.08E+06,768000,341544,768000,49,19,15.8,21
769000,1.17E+06,769000,357601,769000,52.2,20,15.6,21
770000,1.12E+06,770000,377371,770000,52.2,20,15.8,21
771000,1.17E+06,771000,378190,771000,53.2,20,15.6,21
772000,1.18E+06,772000,357272,772000,54.2,20,15.6,21
773000,1.14E+06,773000,374840,773000,52.2,19,15.6,21
774000,1.14E+06,774000,343720,774000,51.8,19,18.2,21
775000,1.10E+06,775000,390377,775000,54.4,20,15.8,21
776000,1.19E+06,776000,388699,776000,53,19,15.6,21
777000,1.13E+06,777000,356825,777000,50.4,19,15.6,21
778000,1.19E+06,778000,369087,778000,76.6,19,16,21
779000,1.15E+06,779000,392968,779000,54.2,20,16.8,21
780000,1.15E+06,780000,389503,780000,64.4,20,27.2,21
781000,1.18E+06,781000,352761,781000,54,20,15.6,21
782000,1.13E+06,782000,390038,782000,86.2,20,26,21
783000,1.11E+06,783000,348366,783000,103.8,20,28.2,21
784000,1.02E+06,784000,331726,784000,82.2,20,22,21
785000,1.03E+06,785000,336686,785000,58,20,16.4,21
786000,1.08E+06,786000,392623,786000,56.8,20,15.8,21
787000,1.15E+06,787000,366445,787000,55.4,20,15.6,21
788000,1.07E+06,788000,345212,788000,56.2,20,15.8,21
789000,1.08E+06,789000,346384,789000,56.6,20,15.8,21
790000,1.04E+06,790000,339133,790000,54.2,20,15.6,21
791000,1.05E+06,791000,334905,791000,55.6,20,15.8,21
792000,989530,748279,319021,748279,54.4,20,15.6,21
793000,911080,691045,295499,691045,52.4,20,15.8,21
794000,1.05E+06,794000,337160,794000,54,20,15.8,21
795000,1.04E+06,795000,352774,795000,57.4,19,15.6,21
796000,1.04E+06,796000,338259,796000,53.6,20,15.6,21
797000,638297,478597,206680,478597,53.2,20,15.6,21
798000,1.07E+06,798000,340264,798000,56,20,15.6,21
799000,1.05E+06,799000,347596,799000,52.2,20,15.8,21
800000,1.08E+06,800000,357922,800000,60.6,20,15.6,21
801000,1.04E+06,801000,336208,801000,56.6,20,15.6,21
802000,1.04E+06,802000,339708,802000,54.2,20,15.6,21
803000,1.04E+06,803000,339059,803000,53.6,20,15.6,21
804000,1.05E+06,804000,339772,804000,54.4,20,15.6,21
805000,1.06E+06,805000,349299,805000,54.6,20,15.6,21
806000,1.06E+06,806000,352689,806000,53.8,19,15.6,21
807000,1.07E+06,807000,350837,807000,52.2,19,15.8,21
808000,1.07E+06,808000,351185,808000,53.2,20,15.8,21
809000,1.08E+06,809000,340019,809000,55.2,20,15.6,21
810000,1.06E+06,810000,340900,810000,54.2,20,15.8,21
811000,191479,143890,62233,143890,52.2,19,15.6,21
812000,1.05E+06,812000,345480,812000,55.4,20,15.6,21
813000,38787.8,30242,12345,30242,52,19,15.6,21
814000,1.16E+06,814000,370083,814000,54,20,15.8,21
815000,1.17E+06,815000,347917,815000,53,19,15.6,21
816000,1.06E+06,816000,350596,816000,52.4,20,15.8,21
817000,1.07E+06,817000,344617,817000,53.4,20,15.6,21
818000,1.06E+06,818000,350354,818000,56.8,19,15.8,21
819000,704508,538220,229273,538220,35.4,13,15.6,21
820000,1.06E+06,820000,391803,820000,50.2,19,15.6,21
821000,1.11E+06,821000,353226,821000,52.4,20,16,21
822000,1.06E+06,822000,349996,822000,63.4,20,21,21
823000,1.07E+06,823000,347816,823000,56,20,15.6,21
824000,520693,402360,173574,402360,52.4,20,15.6,21
825000,1.10E+06,825000,374313,825000,71,19,15.6,21
826000,1.07E+06,826000,350288,826000,49.6,19,15.6,21
827000,1.07E+06,827000,348733,827000,56.4,20,15.6,21
828000,1.10E+06,828000,362728,828000,52,19,16.4,21
829000,1.11E+06,829000,358652,829000,54,20,15.6,21
830000,1.08E+06,830000,352160,830000,55,19,15.6,21
831000,1.08E+06,831000,360122,831000,82.6,20,25.6,21
832000,1.08E+06,832000,350604,832000,57.6,20,16,21
833000,1.08E+06,833000,351386,833000,52.2,20,15.8,21
834000,1.07E+06,834000,351306,834000,53.4,19,15.6,21
835000,1.10E+06,835000,355755,835000,55.2,20,15.6,21
836000,1.08E+06,836000,354808,836000,53,19,15.6,21
837000,1.10E+06,837000,358997,837000,54.2,20,15.6,21
838000,1.10E+06,838000,365604,838000,53,19,15.6,21
839000,1.11E+06,839000,360551,839000,88.4,20,21.2,21
840000,1.12E+06,840000,368122,840000,53.2,20,15.8,21
841000,1.09E+06,841000,358391,841000,56.4,20,15.8,21
842000,1.10E+06,842000,361056,842000,52.2,20,15.8,21
843000,1.11E+06,843000,357927,843000,54.4,20,15.6,21
844000,1.09E+06,844000,361829,844000,59.4,20,15.8,21
845000,1.10E+06,845000,368515,845000,65.2,20,18.8,21
846000,1.11E+06,846000,401886,846000,54.2,20,15.6,21
847000,1.11E+06,847000,358824,847000,54.6,20,15.6,21
848000,1.12E+06,848000,360716,848000,54.6,20,15.8,21
849000,1.11E+06,849000,360919,849000,52.6,20,15.8,21
850000,1.14E+06,850000,361657,850000,53.2,20,15.8,21
851000,1.12E+06,851000,374923,851000,52.4,20,15.6,21
852000,1.12E+06,852000,372249,852000,54,20,15.6,21
853000,1.13E+06,853000,361912,853000,49.8,19,15.8,21
854000,1.10E+06,854000,361220,854000,59.2,20,15.8,21
855000,457716,355467,149434,355467,55.6,20,15.8,21
856000,1.10E+06,856000,360037,856000,53.6,20,15.6,21
857000,1.10E+06,857000,359811,857000,54,20,15.8,21
858000,1.10E+06,858000,361158,858000,55,20,15.6,21
859000,1.10E+06,859000,363663,859000,54.2,20,16.2,21
860000,1.12E+06,860000,367884,860000,54.4,20,15.8,21
861000,1.11E+06,861000,369554,861000,53.2,20,15.8,21
862000,1.12E+06,862000,368420,862000,53.2,19,16,21
863000,1.12E+06,863000,365939,863000,53.4,20,15.6,21
864000,1.11E+06,864000,365125,864000,54.2,20,15.8,21
865000,1.12E+06,865000,364076,865000,54.2,20,15.8,21
866000,1.12E+06,866000,372197,866000,55.2,20,15.8,21
867000,1.12E+06,867000,363087,867000,56.2,20,15.6,21
868000,1.11E+06,868000,366090,868000,54.2,20,15.6,21
869000,1.13E+06,869000,367884,869000,55.6,20,15.6,21
870000,1.12E+06,870000,369550,870000,52.2,19,15.6,21
871000,1.13E+06,871000,371967,871000,56,20,16,21
872000,1.12E+06,872000,365945,872000,54,20,15.6,21
873000,1.12E+06,873000,370731,873000,53.4,20,15.6,21
874000,1.13E+06,874000,371018,874000,53.6,20,15.6,21
875000,675420,523185,222801,523185,54.8,20,16.2,21
876000,1.13E+06,876000,373703,876000,54.4,20,15.6,21
877000,1.13E+06,877000,368786,877000,52.6,20,15.8,21
878000,1.18E+06,878000,378272,878000,56.2,20,15.6,21
879000,1.15E+06,879000,373728,879000,56.4,20,15.6,21
880000,1.16E+06,880000,377906,880000,56.4,20,15.8,21
881000,1.14E+06,881000,372659,881000,55.2,20,15.6,21
882000,1.14E+06,882000,374099,882000,65.2,19,15.8,21
883000,1.14E+06,883000,374475,883000,52.6,20,15.6,21
884000,1.18E+06,884000,377347,884000,92,20,15.6,21
885000,1.18E+06,885000,373152,885000,54.4,20,15.6,21
886000,1.14E+06,886000,376874,886000,52.4,20,15.6,21
887000,1.14E+06,887000,377006,887000,55.4,20,15.8,21
888000,1.15E+06,888000,378252,888000,52.2,20,15.8,21
889000,664568,516794,223830,516794,47.6,18,16.4,21
890000,1.16E+06,890000,386449,890000,54.2,19,15.6,21
891000,1.16E+06,891000,383592,891000,54.2,20,15.8,21
892000,1.15E+06,892000,378669,892000,90.2,20,23.6,21
893000,1.15E+06,893000,379863,893000,54,20,15.6,21
894000,1.17E+06,894000,393409,894000,53.2,19,20.8,21
895000,1.19E+06,895000,393870,895000,54.2,20,15.6,21
896000,246371,189545,81128.6,189545,44,16,15.6,21
897000,1.38E+06,897000,438465,897000,54.2,20,15.6,21
898000,1.19E+06,898000,377728,898000,54.6,20,15.6,21
899000,1.15E+06,899000,379490,899000,54.4,20,16.2,21
900000,1.16E+06,900000,378878,900000,54.2,20,15.6,21
901000,1.16E+06,901000,381169,901000,55.2,20,15.6,21
902000,1.20E+06,902000,385382,902000,53.2,20,15.6,21
903000,1.18E+06,903000,382289,903000,54.6,20,15.8,21
904000,1.19E+06,904000,384680,904000,54.4,20,15.8,21
905000,983416,762743,343059,762743,53.2,20,16.2,21
906000,1.17E+06,906000,382567,906000,55.2,20,15.8,21
907000,1.17E+06,907000,382688,907000,53.6,20,15.8,21
908000,1.17E+06,908000,384426,908000,53.2,20,15.6,21
909000,1.20E+06,909000,395844,909000,63.4,20,15.6,21
910000,993904,767235,324044,767235,49.6,19,15.6,21
911000,1.17E+06,911000,381553,911000,56.2,20,15.8,21
912000,803961,624567,262583,624567,57.6,19,18,21
913000,1.18E+06,913000,384925,913000,57,20,15.8,21
914000,1.19E+06,914000,393152,914000,53.2,20,15.6,21
915000,1.18E+06,915000,384182,915000,52.2,19,15.6,21
916000,1.17E+06,916000,383024,916000,54.6,20,16,21
917000,1.18E+06,917000,383326,917000,54.8,20,15.6,21
918000,1.17E+06,918000,386175,918000,54.2,20,15.8,21
919000,1.20E+06,919000,389854,919000,53.2,20,15.8,21
920000,1.19E+06,920000,386537,920000,52.4,19,15.8,21
921000,1.20E+06,921000,396757,921000,53.2,20,15.8,21
922000,1.20E+06,922000,391386,922000,57.2,20,15.8,21
923000,1.19E+06,923000,389223,923000,61.8,20,15.8,21
924000,1.19E+06,924000,388732,924000,53.2,20,15.6,21
925000,1.22E+06,925000,409436,925000,55,20,16.6,21
926000,1.19E+06,926000,388928,926000,59.6,20,15.6,21
927000,1.19E+06,927000,391519,927000,54.2,20,15.6,21
928000,752429,584959,246039,584959,54.2,20,15.6,21
929000,1.20E+06,929000,388252,929000,60.4,20,15.6,21
930000,1.20E+06,930000,394966,930000,57.8,20,15.6,21
931000,1.32E+06,931000,430828,931000,53.6,20,15.8,21
932000,1.23E+06,932000,439778,932000,55.2,20,15.6,21
933000,1.20E+06,933000,392121,933000,54.6,20,15.8,21
934000,1.22E+06,934000,392337,934000,52.2,20,15.6,21
935000,1.31E+06,935000,411814,935000,53.6,20,15.8,21
936000,1.28E+06,936000,399738,936000,93.2,20,15.8,21
937000,1.22E+06,937000,404924,937000,57,20,15.6,21
938000,361852,278402,117897,278402,60.6,20,22.6,21
939000,612230,470154,199933,470154,49.8,20,15.6,21
940000,1.22E+06,929405,392282,929405,66.2,19,21.6,21
941000,1.21E+06,941000,397159,941000,71,20,15.8,21
942000,1.21E+06,942000,393782,942000,53.2,19,15.6,21
943000,1.21E+06,943000,397948,943000,73,20,15.6,21
944000,493374,368282,158406,368282,52,19,15.8,21
945000,1.21E+06,945000,397685,945000,55.2,20,15.6,21
946000,1.30E+06,946000,410919,946000,63.6,19,16.6,21
947000,1.27E+06,947000,414468,947000,56,20,15.6,21
948000,1.24E+06,948000,411310,948000,56.4,20,15.6,21
949000,308605,236491,101702,236491,55.2,20,15.8,21
950000,1.22E+06,950000,397428,950000,57.8,20,15.8,21
951000,1.23E+06,951000,421368,951000,56.2,20,15.6,21
952000,504919,384736,165978,384736,66.8,19,15.8,21
953000,1.30E+06,953000,436801,953000,52.2,20,16,21
954000,1.30E+06,954000,410147,954000,63.8,20,15.6,21
955000,1.09E+06,836550,363620,836550,49,17,15.6,21
956000,1.24E+06,956000,405148,956000,54.2,20,15.8,21
957000,1.23E+06,957000,402679,957000,55.2,20,15.6,21
958000,1.23E+06,958000,402631,958000,55,20,15.8,21
959000,1.25E+06,959000,411763,959000,54.4,20,15.6,21
960000,954367,725787,308506,725787,54,20,15.8,21
961000,509925,397923,167215,397923,54.2,20,16,21
962000,1.26E+06,962000,406593,962000,97.8,20,27.2,21
963000,1.24E+06,963000,422055,963000,55.2,20,15.6,21
964000,1.25E+06,964000,426270,964000,54.6,20,17.8,21
965000,1.24E+06,965000,405732,965000,252,20,15.8,21
966000,1.25E+06,966000,406529,966000,54.2,20,15.6,21
967000,1.26E+06,967000,410603,967000,55.8,20,15.8,21
968000,1.25E+06,968000,406036,968000,54.2,20,15.8,21
969000,1.24E+06,969000,409579,969000,52.2,20,15.6,21
970000,1.25E+06,970000,422528,970000,57.8,20,15.6,21
971000,1.28E+06,971000,408483,971000,53.4,19,16,21
972000,1.25E+06,972000,408521,972000,55.2,20,16,21
973000,1.25E+06,973000,418036,973000,53.8,19,15.8,21
974000,1.28E+06,974000,423012,974000,54.6,20,15.6,21
975000,1.32E+06,975000,414741,975000,54,20,15.6,21
976000,1.28E+06,976000,413981,976000,57.4,20,15.6,21
977000,1.29E+06,977000,404586,977000,53.2,20,15.6,21
978000,1.25E+06,978000,408499,978000,53.4,20,15.6,21
979000,1.25E+06,979000,411079,979000,54,19,15.8,21
980000,1.33E+06,980000,408397,980000,453.6,20,21,21
981000,1.32E+06,981000,408459,981000,54.8,20,16.6,21
982000,1.24E+06,982000,408968,982000,54.2,20,15.8,21
983000,1.26E+06,983000,408131,983000,52.2,20,15.6,21
984000,1.25E+06,984000,407438,984000,56,20,15.6,21
985000,133028,105697,44360,105697,52.8,20,15.8,21
986000,1.26E+06,986000,428938,986000,56.2,20,15.8,21
987000,743896,583707,243782,583707,53.4,20,15.6,21
988000,1.25E+06,988000,410884,988000,52.2,20,15.6,21
989000,1.27E+06,989000,412592,989000,53.2,19,15.6,21
990000,1.27E+06,990000,409758,990000,56,20,15.8,21
991000,1.26E+06,991000,414816,991000,51.2,20,15.6,21
992000,1.40E+06,992000,418683,992000,55.8,20,15.8,21
993000,1.26E+06,993000,416743,993000,56.2,20,15.6,21
994000,1.28E+06,994000,412775,994000,55.2,20,15.8,21
995000,1.02E+06,792733,336404,792733,38.6,14,15.6,21
996000,1.28E+06,996000,422614,996000,140.8,20,15.6,21
997000,1.27E+06,997000,416969,997000,53.2,20,15.8,21
998000,1.30E+06,998000,422236,998000,57.2,20,15.8,21
999000,1.27E+06,999000,416589,999000,55.2,20,15.6,21
1000000,1.27E+06,1000000,417350,1000000,56,20,15.8,21
